ID,Name,Concepticon_ID,Concepticon_Gloss,Chinese_Gloss,Number
1_sky,sky,1732,SKY,天,
2_sun,sun,1343,SUN,太阳,
4_moon,moon,1313,MOON,月亮,
5_star,star,1430,STAR,星星,
6_weather,weather,952,WEATHER,天气,
9_wind,wind,960,WIND,风,
10_rain,rain,658,RAIN (PRECIPITATION),雨,
11_rainbow,rainbow,1733,RAINBOW,虹,
12_snow,snow,784,SNOW,雪,
13_hail,hail,609,HAIL,雹子,
14_frost,frost,2034,FROST,霜,
15_dew,dew,1977,DEW,露水,
16_fog,fog,249,FOG,雾,
17_ice,ice,617,ICE,冰,
18_fire,fire,221,FIRE,火,
19_smoke,smoke,778,SMOKE (EXHAUST),烟(火~),
23_hillmountain,hill / mountain,639,MOUNTAIN,山,
24_hillsidemountainslope,hillside / mountain slope,3076,SLOPE,山坡,
25_valley,valley,921,VALLEY,山谷,
26_cliff,cliff,992,CLIFF,悬崖,
27_rock,rock,668,ROCK,岩石,
32_sea,sea,1474,SEA,海,
35_well,well,954,WELL,井,
38_road,road,667,ROAD,路,
43_stone,stone,857,STONE,石头,
44_sand,sand,671,SAND,沙子,
46_mud,mud,640,MUD,泥巴,
49_springwater,spring (water),849,SPRING (OF WATER),泉水,
50_forest,forest,420,FOREST,森林,
52_silver,silver,759,SILVER,银子,
54_iron,iron,621,IRON,铁,
57_aluminum,aluminum,3385,ALUMINIUM,铝,
58_coal,coal,2658,COAL,煤,
61_salt,salt,1274,SALT,盐,
63_plantash,plant ash,646,ASH,草木灰,
64_place,place,723,PLACE (POSITION),地方,
65_street,street,1362,STREET,街,
66_village,village,930,VILLAGE,村子,
67_household,household,,,人家,
69_temple,temple,911,TEMPLE,庙,
71_tomb,tomb,1773,GRAVE,坟,
72_towerpagoda,tower / pagoda,1671,TOWER,塔,
75_hair,hair,2648,HAIR (HEAD),头发,
78_eyebrow,eyebrow,1173,EYEBROW,眉毛,
79_eye,eye,1248,EYE,眼睛,
80_nose,nose,1221,NOSE,鼻子,
85_lip,lip,478,LIP,嘴唇,
88_chin,chin,1510,CHIN,下巴,
92_armpit,armpit,1886,ARMPIT,腋,
93_chest,chest,1592,CHEST,胸,
94_breast,breast,1402,BREAST,乳房,
95_milk,milk,635,MILK,奶汁,
96_belly,belly,1251,BELLY,肚子(腹部),
97_navel,navel,1838,NAVEL,肚脐,
101_knee,knee,1371,KNEE,膝盖,
102_calf,calf,498,CALF OF LEG,小腿,
104_ankle,ankle,803,ANKLE,脚踝,
105_arm,arm,1673,ARM,胳膊,
106_elbow,elbow,981,ELBOW,肘,
107_hand,hand,1277,HAND,手,
108_wrist,wrist,799,WRIST,手腕,
109_finger,finger,1303,FINGER,手指,
110_thumb,thumb,1781,THUMB,拇指,
112_fingerlittle,finger (little),2774,LITTLE FINGER,小指,
113_nail,nail,1258,FINGERNAIL,指甲,
119_placenta,placenta,3388,PLACENTA,胎盘,
122_mole,mole,1907,MOLE,痣,
123_soreboil,sore / boil,51,SORE,疮,
124_wound,wound,1109,WOUND,伤口,
125_scar,scar,497,SCAR,疤,
128_fleshmuscle,flesh / muscle,1004,MUSCLE,肌肉,
129_blood,blood,946,BLOOD,血,
131_pulsewrist,pulse (wrist),3267,PULSE,手脉,
132_brains,brains,1583,BRAIN,脑髓,
135_rib,rib,801,RIB,肋骨,
136_joint,joint,999,JOINT,骨节,
138_gum,gum,139,GUMS,牙龈,
139_tongue,tongue,1205,TONGUE,舌头,
140_uvula,uvula,2293,UVULA,小舌,
143_lung,lung,688,LUNG,肺,
144_heart,heart,1223,HEART,心脏,
145_liver,liver,1224,LIVER,肝,
146_kidney,kidney,489,KIDNEY,肾,
149_intestine,intestine,1991,INTESTINES,肠子,
150_bladder,bladder,1746,BLADDER,膀胱,
151_excrement,excrement,675,FAECES (EXCREMENT),屎,
153_fart,fart,1159,FART,屁,
155_sputum,sputum,3061,PHLEGM,痰,
156_saliva,saliva,1503,SALIVA,口水,
157_mucusnasal,mucus (nasal),208,NASAL MUCUS (SNOT),鼻涕,
158_tears,tears,1651,TEAR (OF EYE),眼泪,
159_pus,pus,1808,PUS,脓,
162_corpse,corpse,767,CORPSE,尸体,
164_lifespan,life span,,,寿命,
169_child,child,1304,CHILD (YOUNG HUMAN),小孩儿,
170_baby,baby,1289,BABY,婴儿,
171_oldman,old man,406,OLD MAN,老头儿,
172_oldlady,old lady,907,OLD WOMAN,老太太,
173_man,man,2106,MALE PERSON,男人,
174_woman,woman,962,WOMAN,妇女,
178_peasant,peasant,979,FARMER,农民,
179_soldier,soldier,1941,SOLDIER,士兵,
180_merchant,merchant,1082,MERCHANT,商人,
182_leaderinastockadedvillage,leader in a (stockaded) village,301,CHIEFTAIN,头人(寨首),
184_shepherdboy,shepherd boy,2544,SHEPHERD,牧童,
186_blacksmith,blacksmith,1001,BLACKSMITH,铁匠,
189_monk,monk,,,和尚,
193_beggar,beggar,1934,BEGGAR,乞丐,
194_thief,thief,1160,THIEF,贼,
196_patient,patient,3375,PATIENT (SICK PERSON),病人,
203_lameperson,lame person,2322,LAME PERSON,跛子,
204_deafperson,deaf person,458,DEAF PERSON,聋子,
210_stutterer,stutterer,3367,STUTTERER,结巴,
213_guest,guest,1782,GUEST,客人,
222_daughter,daughter,1357,DAUGHTER,女儿,
224_grandson,grandson,1618,GRANDSON,孙子,
225_granddaughter,granddaughter,1619,GRANDDAUGHTER,孙女,
243_auntfatherssister,aunt (father's sister),,,姑母 (同伯母),
244_relatives,relatives,1644,RELATIVES,亲戚,
245_fatherinlaw,father-in-law,1055,FATHER-IN-LAW,岳父,
246_motherinlaw,mother-in-law,1050,MOTHER-IN-LAW,岳母,
251_widow,widow,1756,WIDOW,寡妇,
252_orphan,orphan,1149,ORPHAN,孤儿,
260_bull,bull,1008,BULL,公牛,
261_cow,cow,1007,COW,母牛,
263_horn,horn,1393,HORN (ANATOMY),犄角,
267_tail,tail,1220,TAIL,尾巴,
268_horse,horse,615,HORSE,马,
269_pony,pony,1647,FOAL,马驹,
270_stallion,stallion,936,STALLION,公马,
271_mare,mare,938,MARE,母马,
273_dunghorse,dung (horse),3378,HORSE DUNG,马粪,
277_lamb,lamb,1972,KID,山羊羔,
280_dunggoatsheep,"dung (goat, sheep)",3381,SHEEP DUNG,羊粪,
282_donkey,donkey,1862,DONKEY,驴,
284_pig,pig,1337,PIG,猪,
285_boar,boar,1348,BOAR (MALE PIG),公猪,
286_sow,sow,1351,SOW (FEMALE PIG),母猪,
287_piglet,piglet,2564,PIGLET,猪崽,
288_dungpig,dung (pig),3379,PIG DUNG,猪粪,
289_dog,dog,2009,DOG,狗,
290_hound,hound,3380,HUNTING DOG,猎狗,
293_chicken,chicken,1318,CHICKEN,鸡,
294_cock,cock,1511,ROOSTER,公鸡,
295_hen,hen,1514,HEN,母鸡,
298_wing,wing,1257,WING,翅膀,
301_goose,goose,1187,GOOSE,鹅,
304_tiger,tiger,846,TIGER,老虎,
305_lion,lion,1386,LION,狮子,
307_clawtalon,claw / talon,72,CLAW,爪子,
308_monkey,monkey,1350,MONKEY,猴子,
310_leopardpanther,leopard / panther,1139,LEOPARD,豹子,
311_bear,bear,1820,BEAR,熊,
312_boarwild,boar (wild),3154,WILD BOAR,野猪,
314_muntjacdeerbarking,muntjac / deer (barking),3152,MUNTJACS,麂子,
317_otter,otter,15,OTTER,水獭,
318_porcupine,porcupine,2510,PORCUPINE,豪猪,
319_hedgehog,hedgehog,1797,HEDGEHOG,刺猬,
320_mouse,mouse,1491,MOUSE,老鼠,
322_weaselyellow,weasel (yellow),3384,WEASEL,黄鼠狼,
323_jackal,jackal,3313,JACKAL,豺,
324_wolf,wolf,522,WOLF,狼,
325_fox,fox,1312,FOX,狐狸,
326_bird,bird,937,BIRD,鸟,
327_nestbird,nest (bird),3549,BIRD NEST,鸟窝,
328_kiteblackearedhawk,kite (black-eared) / hawk,307,HAWK,老鹰,
329_sparrowhawk,sparrow hawk,,,鹞子,
332_owl,owl,735,OWL,猫头鹰,
334_goosewild,goose (wild),2776,WILD GOOSE,大雁,
336_sparrow,sparrow,1854,SPARROW,麻雀,
337_bat,bat,1793,BAT,蝙蝠,
339_crow,crow,913,CROW,乌鸦,
340_pheasant,pheasant,3060,PHEASANT,野鸡,
342_turtledove,turtledove,,,斑鸠,
343_woodpecker,woodpecker,2447,WOODPECKER,啄木鸟,
347_snake,snake,730,SNAKE,蛇,
348_lizard,lizard,632,LIZARD,四脚蛇,
349_frog,frog,503,FROG,青蛙,
352_scale,scale,266,SCALE,鳞,
355_flea,flea,232,FLEA,跳蚤,
356_louse,louse,1392,LOUSE,虱,
357_nit,nit,267,NIT,虮子,
361_spider,spider,843,SPIDER,蜘蛛,
363_earthworm,earthworm,2350,EARTHWORM,蚯蚓,
365_ant,ant,587,ANT,蚂蚁,
367_bee,bee,665,BEE,蜜蜂,
368_locust,locust,810,LOCUST,蝗虫(蚂蚱),
371_snail,snail,1543,SNAIL,蜗牛,
372_tree,tree,906,TREE,树,
373_trunk,trunk,344,TREE TRUNK,树干,
374_branchtwig,branch / twig,1531,BRANCH,树枝,
375_root,root,670,ROOT,根,
376_leaf,leaf,628,LEAF,叶子,
377_flower,flower,239,FLOWER,花,
381_bud,bud,1684,BUD,蓓蕾,
382_willow,willow,818,WILLOW,柳树,
394_tangerine,tangerine,2367,MANDARINE,桔子,
395_persimmon,persimmon,2044,PERSIMMON,柿子,
398_bananaplantain,banana (plantain),399,PLANTAIN,芭蕉,
403_ricepaddy,rice (paddy),3390,WILD RICE,水稻,
404_riceglutinous,rice (glutinous),2750,GLUTINOUS RICE,糯米,
406_seedlingrice,seedling (rice),3050,SEEDLING,秧,
407_earspike,ear / spike,1249,SPIKE,穗[?],
409_riceunhusked,rice (unhusked),2749,UNHUSKED RICE,谷粒,
414_strawwheat,straw (wheat),2299,STRAW,麦秸,
416_maizecorn,maize / corn,506,MAIZE,玉米,
417_millet,millet,931,MILLET,小米,
420_vegetable,vegetable,924,VEGETABLES,蔬菜,
421_radish,radish,2365,RADISH,萝卜,
422_pepperhotchili,pepper (hot) / chili,919,CHILI PEPPER,辣椒,
429_cucumber,cucumber,496,CUCUMBER,黄瓜,
430_peabean,pea / bean,2574,BEAN OR PEA,豆,
434_peanut,peanut,595,GROUNDNUT (PEANUT),花生,
437_mushroom,mushroom,641,MUSHROOM,蘑菇,
439_rice,rice,926,RICE,米,
441_gruelporridge,gruel / porridge,2049,CONGEE,粥(稀饭),
443_meat,meat,634,MEAT,肉,
444_meatlean,meat (lean),3393,LEAN MEAT,瘦肉,
446_oilvegetable,oil (vegetable),2555,OIL (FROM PLANTS),清油,
448_seedofchinesepricklyash,seed of Chinese prickly ash,3395,SICHUAN PEPPER,花椒,
450_egg,egg,744,EGG,蛋(鸡~),
454_tea,tea,1373,TEA,茶,
455_cigarettetobacco,cigarette / tobacco,969,CIGARETTE,烟(吸的~),
456_medicine,medicine,1372,MEDICINE,药,
457_chaffbran,chaff / bran,2363,CHAFF (HUSK),糠,
459_feedpigpigwash,feed (pig) / pigwash,,,猪食,
460_fodderfeedhorse,fodder / feed (horse),,,马料,
462_cloth,cloth,1616,CLOTH,布,
464_fabricsilk,fabric (silk),1641,SILK,绸子,
465_fabricsatin,fabric (satin),,,缎子,
467_clothinggarment,clothing / garment,1895,CLOTHES,衣服,
468_collar,collar,2012,COLLAR,衣领,
469_sleeve,sleeve,2953,SLEEVE,衣袖,
477_puttee,puttee,,,裹腿,
479_shoe,shoe,1381,SHOE,鞋,
482_treasuredobjecttreasure,treasured object / treasure,,,宝贝,
486_ring,ring,1374,RING,戒指,
487_bracelet,bracelet,1754,BRACELET,手镯,
494_house,house,1252,HOUSE,房子,
495_roof,roof,769,ROOF,房顶,
496_eaves,eaves,,,房檐,
497_foundation,foundation,,,地基,
498_kitchen,kitchen,1365,KITCHEN,厨房,
500_upstairs,upstairs,,,楼上,
501_downstairs,downstairs,,,楼下,
504_pigstypenhog,pigsty / pen (hog),3369,PIGSTY,猪圈,
505_stablefencehorse,stable / fence (horse),3403,HORSE BARN,马圈,
507_penchicken,pen (chicken),3401,HENHOUSE,鸡圈,
508_brick,brick,1006,BRICK,砖,
511_woodlog,wood / log,1803,WOOD,木头,
513_pillarcolumn,pillar / column,2045,COLUMN,柱子,
514_door,door,1567,DOOR,门,
518_beamofbuilding,beam (of building),1132,BEAM,梁,
519_rafterofbuilding,rafter (of building),829,RAFTER,椽子,
520_flightofsteps,flight of steps,1158,STEP,台阶,
522_gardenplot,garden (plot),586,GARDEN,园子,
526_bed,bed,1663,BED,床,
527_chestboxtrunk,chest / box / trunk,3150,BOX OR CHEST,箱子,
534_firewood,firewood,10,FIREWOOD,柴,
536_flint,flint,,,火石,
537_tinder,tinder,,,火绒,
538_steelforflint,steel (for flint),2343,STEEL,火镰,
539_match,match,1133,MATCH,火柴,
540_torch,torch,1919,TORCH,火把,
542_garbagerubbish,garbage / rubbish,909,GARBAGE,垃圾,
543_dyestuff,dye (stuff),,,染料,
544_stovecookingrangekitchen,stove (cooking) / range (kitchen),859,STOVE,灶,
545_woklargeironpan,"wok (large, iron) / pan",31,PAN,铁锅,
546_wokfrying,wok (frying),2056,WOK,炒菜锅,
552_spoon,spoon,1378,SPOON,匙(调羹),
557_potjartin,pot / jar / tin,3765,STORING POT,罐子,
558_jarearthen,jar (earthen),3409,EARTHEN JUG,坛子,
562_traywooden,tray (wooden),2629,TRAY,木盆,
565_trivet,trivet,2607,TRIPOD,三脚架,
566_tongsfire,tongs (fire),272,TONGS,火钳,
569_pieceofclothwithstrapsforcarryingatoddler,piece of cloth with straps for carrying a toddler,,,背带(背小孩用),
571_containerformeasuringgrain1decaliter,container for measuring grain (=1 decaliter),,,斗,
576_interestfinancial,interest (financial),2062,INTEREST,利息,
577_rulermeasure,ruler (measure),3405,RULER,尺子,
578_needle,needle,1382,NEEDLE (FOR SEWING),针,
580_nailtack,nail / tack,502,NAIL (TOOL),钉子,
581_scissors,scissors,356,SHEARS,剪子,
582_ladder,ladder,1464,LADDER,梯子,
585_key,key,1472,KEY,钥匙,
586_rodstick,rod / stick,1295,STICK,棍子,
587_wheel,wheel,710,WHEEL,轮子,
589_halterbridle,halter / bridle,,,马笼头,
590_bellyband,bellyband,,,马肚带,
592_stirrup,stirrup,,,马蹬子,
593_horseshoe,horseshoe,,,马掌,
594_manger,manger,,,马槽,
596_reins,reins,,,缰绳,
598_rackpack,rack (pack),,,驮架,
599_yoke,yoke,14,YOKE,牛轭,
604_tool,tool,1361,TOOL,工具,
605_axe,axe,677,AXE,斧头,
606_hammer,hammer,1481,HAMMER,锤子,
609_drillauger,drill / auger,3423,DRILL,钻子,
614_plow,plow,2154,PLOUGH (INSTRUMENT),犁,
618_polecarryingshoulder,pole (carrying / shoulder),3432,SHOULDER POLE,扁担,
622_basketcarriedontheback,basket carried on the back,,,背篓,
624_sickle,sickle,341,SICKLE,镰刀,
626_triphammerforhullingrice,trip-hammer for hulling rice,,,碓(水~),
628_pestle,pestle,225,PESTLE,杵,
630_fanwinnowing,fan (winnowing),2051,DUSTPAN,簸箕,
632_loom,loom,1787,LOOM,织布机,
633_chopper,chopper,3067,CLEAVER,柴刀,
634_sheathscabbard,sheath / scabbard,3424,SHEATH,刀鞘,
636_bowforarrow,bow (for arrow),994,BOW,弓,
637_arrow,arrow,977,ARROW,箭,
640_gunpowder,gunpowder,1798,GUNPOWDER,火药,
643_characterword,character / word,1599,WORD,字,
649_inkchinese,ink (Chinese),2643,INK,墨,
651_speechwords,speech / words,1115,SPEECH,话,
653_proverbsaying,proverb / saying,3646,PROVERB,谚语,
654_jokejest,joke / jest,3425,JOKE,笑话,
655_riddle,riddle,2970,RIDDLE,谜语,
658_chess,chess,,,棋,
660_gong,gong,2502,GONG,锣,
662_chime,chime,2246,BELL,钟,
669_ghostspirit,ghost / spirit,1175,GHOST,鬼,
673_soulspirit,soul / spirit,811,SOUL,灵魂,
676_ideaopinion,idea / opinion,1609,IDEA,想法,
682_birthday,birthday,2407,BIRTHDAY,生日,
683_lifelivelihood,life / livelihood,210,LIFE,生活,
685_age,age,1789,AGE,年纪,
686_surnamenamefamily,surname / name (family),3426,SURNAME,姓,
687_name,name,1405,NAME,名字,
690_danger,danger,1810,DANGER,危险,
691_differencedistinction,difference / distinction,,,区别,
692_partportionshare,part / portion / share,779,PART,份儿,
698_shadow,shadow,1388,SHADE,影子,
699_dream,dream,2374,DREAM,梦,
704_east,east,1877,EAST,东(~方),
705_south,south,1595,SOUTH,南(~方),
708_middle,middle,1093,MIDDLE,中间,
709_side,side,682,SIDE,旁边,
710_left,left,244,LEFT,左边,
711_right,right,1019,RIGHT,右边,
712_front,front,2194,FRONT (PART),前(~边),
713_back,back,2323,BACK (PART),后(~边),
718_edgerimmargin,edge / rim / margin,863,EDGE,边儿,
719_surroundings,surroundings,,,周围,
721_boundarylinedemarcationline,boundary line / demarcation line,,,界线,
722_upperpartofupperreaches,upper part of / upper reaches,,,上方(地势、河流),
723_lowerpartoflowerreaches,lower part of / lower reaches,,,下方(地势、河流),
724_onthetable,on (the table),1741,ABOVE,上(桌子~),
728_onthewall,on (the wall),,,上(挂在墙~),
729_ontopoftheroof,on top (of the roof),57,ATOP,顶上(房~),
730_atthebottomofahill,at the bottom of (a hill),,,下(山~),
731_overabove,over / above,,,以上,
732_belowunder,below / under,,,以下,
733_upwards,upwards,1591,UP,往上,
734_downwards,downwards,1326,DOWN,往下,
736_lowerhalfofthebody,lower half of the body,,,下半身,
738_today,today,1283,TODAY,今天,
739_yesterday,yesterday,1174,YESTERDAY,昨天,
740_daybeforeyesterday,day before yesterday,1180,DAY BEFORE YESTERDAY,前天,
741_threedaysago,three days ago,2333,THREE DAYS BEFORE NOW,大前天,
742_tomorrow,tomorrow,1329,TOMORROW,明天,
743_dayaftertomorrow,day after tomorrow,1179,DAY AFTER TOMORROW,后天,
744_threedaysfromnow,three days from now,2332,THREE DAYS FROM NOW,大后天,
746_tomorrownightevening,tomorrow night / evening,,,明晚,
747_yesterdayeveninglastnight,yesterday evening / last night,,,昨晚,
748_daytime,day (time),1225,DAY (NOT NIGHT),白天,
749_morning,morning,1339,MORNING,早晨,
754_midnight,midnight,2656,MIDNIGHT,半夜,
755_yearofthemouse,year of the mouse,,,子(鼠),
757_yearofthetiger,year of the tiger,,,寅(虎),
759_yearofthedragon,year of the dragon,,,辰(龙),
763_yearofthemonkey,year of the monkey,,,申(猴),
766_yearofthepig,year of the pig,,,亥(猪),
767_animalstwelverepresentingthetwelveyears,animals (twelve) representing the twelve years,,,属相,
769_dayfirstoflunarmonth,day (first of lunar month),3354,FIRST DAY OF THE MONTH,初一,
770_daysecondoflunarmonth,day (second of lunar month),3355,SECOND DAY OF THE MONTH,初二,
771_month,month,1370,MONTH,月,
777_year,year,1226,YEAR,年,
778_thisyear,this year,513,THIS YEAR,今年,
779_lastyear,last year,514,LAST YEAR,去年,
780_yearbeforelast,year before last,2331,YEAR BEFORE LAST YEAR,前年,
781_nextyear,next year,515,NEXT YEAR,明年,
782_yearafternext,year after next,2330,YEAR AFTER NEXT YEAR,后年,
788_initiallybeginninginthe,"initially / beginning, in the",2915,AT FIRST,开始(~时),
791_springseason,spring (season),1537,SPRINGTIME,春,
799_three,three,492,THREE,三,
800_four,four,1500,FOUR,四,
801_five,five,493,FIVE,五,
802_six,six,1703,SIX,六,
803_seven,seven,1704,SEVEN,七,
804_eight,eight,1705,EIGHT,八,
805_nine,nine,1483,NINE,九,
807_eleven,eleven,1706,ELEVEN,十一,
810_fourteen,fourteen,2451,FOURTEEN,十四,
811_fifteen,fifteen,1709,FIFTEEN,十五,
812_sixteen,sixteen,2454,SIXTEEN,十六,
813_seventeen,seventeen,2453,SEVENTEEN,十七,
814_eighteen,eighteen,1713,EIGHTEEN,十八,
815_nineteen,nineteen,1714,NINETEEN,十九,
816_twenty,twenty,1710,TWENTY,二十,
817_thirty,thirty,1715,THIRTY,三十,
818_forty,forty,1716,FORTY,四十,
820_sixty,sixty,1718,SIXTY,六十,
822_eighty,eighty,1722,EIGHTY,八十,
823_ninety,ninety,1724,NINETY,九十,
824_hundred,hundred,1634,HUNDRED,百,
825_onehundredandone,one hundred and one,,,一百零一,
829_million,million,,,百万,
832_half,half,816,HALF,一半,
833_first,first,728,FIRST,第一,
835_classifierforpeople,classifier for people,516,PERSON (CLASSIFIER),个(一~人),
836_classifierforbowls,classifier for bowls,2080,BOWL (CLASSIFIER),个(一~碗),
837_classifierforriver,classifier for river,3418,RIVER (CLASSIFIER),条(一~河),
838_classifierforrope,classifier for rope,2084,ROPE (CLASSIFIER),条(一~绳子),
839_sheetofpaper,sheet (of paper),2729,SHEET (CLASSIFIER),张(一~纸),
840_page,page,,,页(一~书),
841_classifierforeggs,classifier for eggs,3417,EGG (CLASSIFIER),个(一~鸡旦),
844_bladeofgrass,blade (of grass),2731,NEEDLE (CLASSIFIER),根(一~草),
845_grainofrice,grain (of rice),2086,GRAIN (CLASSIFIER),粒(一~米),
848_classifierfortrees,classifier for trees,2721,TREE (CLASSIFIER),棵(一~树),
850_lineofwheat,line (of wheat),1048,LINE,行(一~麦子),
854_classifierforpens,classifier for pens,,,枝(一~笔),
855_pileofexcrement,pile (of excrement),,,堆(一~粪),
858_patchofgroundfield,patch (of ground / field),,,块(一~地),
859_classifierforrocksstones,"classifier for rocks, stones",3419,STONE (CLASSIFIER),块(一~石头),
860_classifierforleaves,classifier for leaves,,,片(一~树叶),
863_classifierforsongs,classifier for songs,3422,SONG (CLASSIFIER),首(一~歌),
864_classifierforgarments,classifier for garments,2088,CLOTHING (CLASSIFIER),件(一~衣),
870_daysjourney,day's (journey),,,天(一~路),
872_rollofcloth,roll (of cloth),,,卷(一~布),
873_boltofcloth,bolt (of cloth),,,匹(一~布),
877_bundlesheaf,bundle / sheaf,,,捆(一~),
878_loadofcuppedhands,load of cupped-hands,,,捧(一~),
889_classifierforrooms,classifier for rooms,,,间(一~房),
890_parcelsackofthings,parcel / sack (of things),,,包(一~东西),
899_fathom,fathom,81,FATHOM,庹(一~),
909_whilea,"while, a",726,WHILE,一会儿,
910_dayswork,day's (work),1260,DAY (24 HOURS),天(一~),
912_monthswork,month's (work),,,月(一个~),
913_yearswork,year's (work),,,年(一~),
914_classifierforage,classifier for age,,,岁(一~),
916_stepstride,step / stride,,,步(走一~),
917_timeinstanceofgoingsomewhere,time / instance (of going somewhere),,,次(去~),
918_meal,meal,2725,PORTION (CLASSIFIER),顿(吃一~),
920_timeinstanceofhitting,time / instance (of hitting),2741,BIT (CLASSIFIER),下(打一~),
921_timeinstanceofkicking,time / instance (of kicking),,,脚(踢一~),
922_timeinstanceofbiting,time / instance (of biting),2728,MOUTHFUL (CLASSIFIER),口(咬一~),
924_severalfewa,"several / few, a",,,几个,
925_everyday,every day,,,每天,
928_i,I,1209,I,我,
929_wetwo,we (two),2634,WE TWO,我俩,
931_you,you,1215,THOU,你,
932_youtwo,you two,2111,YOU TWO,你俩,
933_youpl,you (pl.),1213,YOU,你们,
934_he,he,1211,HE,他,
935_theytwo,they two,2635,THEY TWO,他俩,
936_they,they,817,THEY,他们,
938_wedualinclusive,"we (dual, inclusive)",2637,WE TWO (INCLUSIVE),咱们俩,
939_weall,we all,98,ALL,大家,
951_thatsidethere,that side / there,3411,OVER THERE,那边,
953_who,who,1235,WHO,谁,
954_what,what,1236,WHAT,什么,
961_respectiveindividualeach,respective / individual / each,,,各自,
962_alleverything,all / everything,,,一切,
963_allwholethe,"all / whole, the",2277,WHOLE,全部,
964_biglarge,big / large,1202,BIG,大,
965_small,small,1246,SMALL,小,
971_sunkendented,sunken / dented,,,凹,
972_long,long,1203,LONG,长,
973_short,short,1645,SHORT,短,
977_narrow,narrow,1267,NARROW,窄,
978_spaciouscommodious,spacious / commodious,2531,BROAD,宽敞,
979_crampednarrow,cramped / narrow,,,狭窄,
982_deep,deep,1593,DEEP,深,
983_shallow,shallow,193,SHALLOW,浅,
984_full,full,1429,FULL,满,
985_empty,empty,1624,EMPTY,空,
987_manymuch,many / much,1198,MANY,多,
988_fewlittle,few / little,1242,FEW,少,
994_levelflat,level / flat,1633,FLAT,平,
996_rightobverseside,right / obverse side,,,正(~面),
999_slantingleaning,slanting / leaning,,,偏,
1000_askewawryslanting,askew / awry / slanting,3075,SLANTED,歪,
1001_horizontal,horizontal,2376,HORIZONTAL,横(~的),
1006_white,white,1335,WHITE,白,
1007_red,red,156,RED,红,
1008_yellow,yellow,1424,YELLOW,黄,
1009_green,green,1425,GREEN,绿,
1010_blue,blue,837,BLUE,蓝,
1012_bright,bright,679,BRIGHT,亮(~的),
1013_dark,dark,706,DARK,暗,
1014_heavy,heavy,1210,HEAVY,重,
1019_late,late,477,LATE,迟,
1020_sharp,sharp,1396,SHARP,锋利,
1030_thick,thick,2239,DENSE,稠(粥~),
1033_thin,thin,2305,THIN (OF HAIR AND THREAD),稀(头发~),
1050_new,new,1231,NEW,新,
1052_good,good,1035,GOOD,好,
1054_expensive,expensive,1426,EXPENSIVE,贵(~价钱),
1058_oldelderly,"old, elderly",2112,OLD (AGED),年老,
1059_young,young,1207,YOUNG,年轻,
1065_warm,warm,1232,WARM,暖和,
1067_difficult,difficult,584,DIFFICULT,难,
1072_sour,sour,1906,SOUR,酸,
1073_sweet,sweet,717,SWEET,甜,
1074_bitter,bitter,887,BITTER,苦,
1076_salty,salty,1091,SALTY,咸,
1079_fishysmelling,fishy-smelling,,,腥,
1085_clean,clean,704,CLEAN,干净,
1089_dead,dead,1625,DEAD,死(~的),
1094_loud,loud,377,LOUD,响,
1096_bored,bored,,,闷,
1100_stupid,stupid,1518,STUPID,蠢,
1110_stingy,stingy,1774,STINGY,吝啬,
1120_sad,sad,699,SAD,悲哀,
1128_install,install,,,安装,
1142_wrap,wrap,1113,WRAP,包(~药),
1154_compare,compare,3429,COMPARE,比 ((助词)),
1156_plait,plait,333,PLAIT,编(~辫子),
1159_alter,alter,2856,CHANGE (SOMETHING),改变,
1163_wipethe,wipe (the,1454,WIPE,擦(~桌子),
1183_repay,repay,,,偿还,
1186_stirfry,stir-fry,2162,STIR FRY,炒,
1187_sink,sink,1088,SINK (DESCEND),沉,
1193_accomplishsucceed,accomplish / succeed,1112,SUCCEED,完成,
1198_eat,eat,1336,EAT,吃,
1201_pestlepound,pestle / pound,,,舂,
1217_infect,infect,,,传染,
1229_gesticulate,gesticulate,,,打手势,
1230_hunt,hunt,1435,HUNT,打猎,
1233_wargotobattle,"war, go to / battle",,,打仗,
1235_breakupscatter,break up / scatter,,,打散(队伍~),
1238_fetchdrawwater,fetch / draw (water),1911,DRAW (WATER),打(水),
1242_dozenodoff,doze / nod off,,,打瞌睡,
1247_breakthunderbolt,break (thunderbolt),,,打霹雳,
1248_thunder,thunder,2378,THUNDER (VERB),打雷,
1254_wearabracelet,wear (a bracelet),,,戴(~手镯),
1258_toppleteardownawall,topple / tear down (a wall),,,弄倒(~墙),
1259_poundtopieces,pound to pieces,,,捣碎,
1260_reverse,reverse,,,倒(~过来),
1261_pourorthrowoutwater,pour or throw out (water),1487,POUR,倒掉(~水),
1263_getacquire,get / acquire,694,GET,得到,
1264_wait,wait,1590,WAIT (FOR),等待,
1268_lightafire,light (a fire),737,LIGHT (IGNITE),点(~火),
1269_burn,burn,1428,BURNING,燃烧,
1270_lightalight,light (a light),,,点(~灯),
1273_holddanglinglyinthemouth,hold danglingly in the mouth,,,叼,
1274_drop,drop,750,DROP,掉(~下),
1277_falloverdown,fall over / down,2894,TUMBLE (FALL DOWN),跌倒,
1279_bitemosquito,bite (mosquito),571,STING,叮(蚊子~),
1281_losemislay,lose / mislay,2506,LOOSE,丢失,
1282_understandgrasp,understand / grasp,2021,GRASP,懂,
1283_freezemeat,freeze (meat),,,冻(肉~),
1287_read,read,724,READ,读,
1293_snapbreakastick,snap / break (a stick),2558,BREAK (CLEAVE),弄断(~棍子),
1296_chopcutmeat,chop / cut (meat),,,剁(~肉),
1297_stamponesfoot,stamp (one's foot),3618,STAMP,跺(~脚),
1298_hungrybe,"hungry, be",1533,BE HUNGRY,饿,
1300_developcareerundertaking,develop (career / undertaking),,,发展(事业~),
1304_ferment,ferment,967,YEAST,发酵,
1305_feverhave,"fever, have",1534,FEVER,发烧,
1306_worryanxiousbe,"worry / anxious, be",150,WORRY,发愁,
1309_turninsideoutclothingorthereverse,turn inside out (clothing) or the reverse,,,翻过来(把衣服~),
1315_putinsalt,put in (salt),,,放(~盐),
1317_setonfire,set on fire,,,放火,
1318_fly,fly,1441,FLY (MOVE THROUGH AIR),飞,
1319_dividesharethings,divide / share (things),884,SHARE,分(~东西),
1320_dividefamilypropertyandliveapartoffspring,divide family property and live apart (offspring),,,分家,
1322_separatecauseto,separate (cause to),,,分开(使~),
1324_sewup,sew (up),1457,SEW,缝,
1327_putoneshandonsthgfor,put one's hand on (sthg.) for,,,扶(~着栏杆),
1329_conformcausetosatisfy,conform (cause to) / satisfy,,,符合(使~),
1330_rot,rot,569,SPOIL (BECOME SPOILED),腐烂,
1332_pullaquiltoveroneself,pull (a quilt) over oneself,,,盖(~被),
1335_dare,dare,1779,DARE,敢,
1337_tell,tell,1458,SAY,告诉,
1340_severarope,sever (a rope),,,割(~绳),
1342_mowcutgrass,mow / cut (grass),190,MOW,割(~草),
1344_hurtthefootfromgritintheshoe,hurt (the foot from grit in the shoe),,,硌(~脚),
1345_give,give,1447,GIVE,给,
1346_follow,follow,1085,FOLLOW,跟(~在后面),
1350_assessestimate,assess / estimate,,,估计,
1355_hungbe,"hung, be",,,挂(被~住),
1362_celebratethenewyear,celebrate (the New Year),3430,CELEBRATE NEW YEAR,过年,
1365_shybebashful,"shy, be / bashful",487,SHY,害羞,
1366_afraidbe,"afraid, be",1419,FEAR (BE AFRAID),害怕,
1367_asksbtocomeherefetch,ask s.b. to come here / fetch,,,喊(~人开会),
1368_yellshout,yell / shout,715,SHOUT,喊叫,
1369_weldsolder,weld / solder,,,焊,
1370_drink,drink,1401,DRINK,喝,
1372_closeabook,close (a book),,,合上(~书本),
1373_hate,hate,1607,HATE,恨,
1374_drybyfire,dry by fire,,,烘,
1377_paddlerow,paddle / row,1849,ROW,划(~船),
1380_doubt,doubt,3536,DOUBT (SOMETHING),怀疑,
1381_repayadebt,repay (a debt),,,还(~帐),
1382_returnapen,return (a pen),85,GIVE BACK,还(~钢笔),
1387_turnonesheadtotheback,turn one's head to the back,,,回头(~看),
1390_destroyexterminate,destroy / exterminate,681,DESTROY,毁灭,
1391_destroycauseto,destroy (cause to),,,毁灭(使~),
1392_knowtowrite,know (to write),2238,KNOW HOW,会(~写),
1395_muddlethewater,muddle (the water),,,搅浑,
1397_supportraise,support / raise,2134,RAISE (BRING UP),养活,
1400_gatherofwaterbuildup,gather (of water) / build up,,,积(~水),
1402_gatherassemble,gather / assemble,7,GATHER,集(聚~),
1407_remember,remember,707,REMEMBER,记得,
1408_depositleavewith,deposit / leave with,,,寄存,
1409_sendaletter,send (a letter),1127,SEND,寄(~信),
1413_pickupfoodwithchopsticks,pick up (food with chopsticks),,,夹(~菜),
1414_pickup,pick up,371,PICK UP,捡,
1415_reduce,reduce,,,减,
1419_exchange,exchange,2509,EXCHANGE,交换,
1420_turnhandoverconsign,turn / hand over / consign,,,交付,
1422_watersprinkleirrigate,water / sprinkle / irrigate,3078,IRRIGATE,浇(~水),
1424_chew,chew,321,CHEW,嚼,
1427_crowofhens,crow (of hens),,,叫(母鸡~),
1428_meow,meow,,,(-),
1429_bray,bray,,,叫(驴~),
1430_neigh,neigh,,,叫(马~),
1431_moo,moo,,,叫(牛~),
1433_gruntofpigs,grunt (of pigs),,,叫(猪~),
1434_baableat,baa / bleat,,,叫(羊~),
1439_bearfruit,bear (fruit),3054,BEAR FRUIT,结(~果子),
1442_borrowmoney,borrow (money),,,借(~钱),
1444_soaksteep,soak / steep,2069,SOAK (VERB),浸泡,
1447_enterahouse,enter (a house),749,ENTER,进(~屋),
1448_passgoby,pass / go by,,,经过,
1449_startledisturb,startle / disturb,2883,DISTURB,惊动,
1450_startledbeshyofanimals,"startled, be / shy (of animals)",,,受惊,
1451_rescuesave,rescue / save,2008,RESCUE,救,
1454_saw,saw,3543,SAW (SOMETHING),锯,
1456_rollupcloth,roll up (cloth),,,卷(~布),
1457_huddlecurlup,huddle / curl up,,,蜷缩,
1460_obstructcausetoblock,obstruct (cause to) / block,,,卡主(使~),
1464_startdriveacar,start / drive (a car),741,DRIVE,开(~车),
1466_openupwasteland,open up wasteland,,,开荒,
1468_chophew,chop / hew,553,HEW,砍(~骨头),
1470_letsbseeshow,let s.b. see / show,1039,SHOW,看(给~),
1471_see,see,1409,SEE,看见,
1472_seeadoctor,see (a doctor),,,看病(病人~),
1473_shoulder,shoulder,,,扛,
1474_warmoneselfbyafire,warm oneself by (a fire),,,烤(~火),
1477_cough,cough,879,COUGH,咳嗽,
1480_agreeconsent,agree / consent,,,肯,
1481_gnawnibble,gnaw / nibble,2706,GNAW,啃,
1482_digoutwithfinger,dig out with finger,,,抠,
1483_bucklebuttonup,buckle / button up,,,扣(~扣子),
1485_cry,cry,,,哭,
1487_pulltug,pull / tug,1455,PULL,拉,
1488_emptythebowels,empty the bowels,676,SHIT (DEFECATE),拉屎,
1489_peppery,peppery,,,辣,
1493_oldbe,"old, be",,,老,
1494_reinin,rein in,,,勒,
1495_tiredbefatigued,"tired, be / fatigued",1757,TIRED,累,
1498_dryclothesintheair,dry (clothes) in the air,1786,DRY UP,晾(~衣),
1501_drench,drench,,,淋,
1502_flowofwater,flow (of water),2003,FLOW,流(水~),
1503_reserveseeds,reserve (seeds),,,留(~种),
1504_deafbe,"deaf, be",996,DEAF,聋,
1505_cuddleembrace,cuddle / embrace,,,搂(~在怀里),
1510_messup,mess up,,,弄乱,
1512_setofthesun,set (of the sun),160,SET (HEAVENLY BODIES),落(太阳~),
1516_buy,buy,1869,BUY,买,
1517_sell,sell,1571,SELL,卖,
1518_fullbefilledup,"full, be / filled up",,,满(~了),
1521_crychirpofbirds,cry / chirp (of birds),,,鸣(鸟~),
1522_dieoutoffire,die out (of fire),,,灭(火~),
1524_understand,understand,1536,UNDERSTAND,明白,
1527_grindflour,grind (flour),1033,GRIND,磨(~面),
1528_takeholdget,take / hold / get,2104,HOLD OR TAKE,拿,
1532_shrivelupwither,shrivel up / wither,,,蔫(花~),
1535_throwupvomit,throw up / vomit,1278,VOMIT,呕吐,
1536_crawlofpeople,crawl (of people),96,CRAWL,爬(人~),
1537_crawlofinsects,crawl (of insects),,,爬(虫子~),
1539_climbupatree,climb up (a tree),,,爬(~树),
1540_strikethetable,strike (the table),2133,STRIKE OR BEAT,拍(~桌子),
1541_lineup,line up,,,排(~队),
1542_senddispatchaperson,send / dispatch (a person),,,派(~人),
1543_circlehoverwheel,circle / hover / wheel,,,盘旋,
1544_run,run,1519,RUN,跑,
1549_expandswell,expand / swell,,,膨胀,
1555_splitupbamboostrips,split up (bamboo strips),,,破(~篾),
1557_splitupbamboopole,split up (bamboo pole),,,破(竹竿~了),
1561_cutripopen,cut / rip open,,,剖,
1565_buildbylayingbricksstonesetc,"build by laying bricks, stones, etc.",1840,BUILD,砌,
1566_rideahorse,ride (a horse),367,RIDE,骑,
1567_risestandup,rise / stand up,570,STAND UP,起来,
1568_pullleadacowalong,pull / lead (a cow) along,43,LEAD (GUIDE),牵(~牛),
1569_owemoney,owe (money),369,OWE,欠(~钱),
1570_robloot,rob / loot,2073,ROB (VERB),抢,
1571_knockstrike,knock / strike,2396,KNOCK,敲,
1573_prizepry,prize / pry,,,撬,
1574_cutupvegetable,cut up (vegetable),,,切(~菜),
1575_embraceachildcheektocheek,embrace a child cheek to cheek,,,亲(~小孩),
1576_driveoutexpel,drive out / expel,30,DISPEL,驱逐,
1578_marryawoman,marry (a woman),2164,MARRY (AS MAN),娶,
1579_goleave,go / leave,,,去,
1580_recoverfullyfromanillness,"recover, fully (from an illness)",1978,RECOVER,痊愈(病~),
1581_healedhaveofawound,"healed, have (of a wound)",,,痊愈(伤~),
1589_lookatanddistinguishcharacters,look at and distinguish (characters),,,认(~字),
1590_recognize,recognize,2870,RECOGNIZE (SOMEBODY),认得,
1591_throwtoss,throw / toss,1456,THROW,扔,
1593_dissolvecauseto,dissolve (cause to),,,融化(使~),
1595_sprinklespray,sprinkle / spray,,,洒(~水),
1596_pisspee,piss / pee,592,PISS,撒(~尿),
1597_scatterseeds,scatter (seeds),2064,SCATTER (SEEDS),撒(~种),
1598_breakupmeetingend,break up (meeting) / end,,,散(会~了),
1599_comelooseshoelace,come loose (shoelace),,,散开(鞋带~),
1600_untieundo,untie / undo,352,UNTIE,解开,
1604_dryclothesinthesun,dry (clothes) in the sun,3364,DRY IN SUN,晒(~衣服),
1605_sunbathe,sunbathe,3131,SUNBATHE,晒(~太阳),
1607_injurehurtthearm,injure / hurt (the arm),44,INJURE,伤(~了手),
1608_consultdiscuss,consult / discuss,,,商量,
1610_burnthegrassonwasteland,burn the grass on wasteland,,,烧荒,
1611_shootanarrow,shoot (an arrow),1172,SHOOT,射(~箭),
1612_shothavethetarget,"shot, have (the target)",,,射中,
1614_extendelongate,extend / elongate,,,伸长,
1616_seepintopermeate,seep into / permeate,,,渗(~入),
1617_grow,grow,479,GROW,生长,
1621_angrybetakeoffense,"angry, be / take offense",2223,BE ANGRY,生气,
1622_leftoverberemain,"left over, be / remain",987,REMAIN,剩,
1625_makecause,make / cause,734,MAKE,使,
1627_tryattempt,try / attempt,1812,TRY,试,
1631_closeanumbrella,close (an umbrella),,,收(~伞),
1634_comb,comb,2070,COMB (VERB),梳,
1636_familiarwithbeknowsthgo,"familiar with, be / know sthg. o",,,熟悉,
1637_cookedbericedone,"cooked, be (rice) / done",,,熟(饭~),
1640_countnumbers,count (numbers),1420,COUNT,数(~数目),
1641_rinsethemouth,rinse (the mouth),,,漱(~口),
1642_falltumbledown,fall / tumble down,1280,FALL,摔(~下来),
1643_flingtoss,fling / toss,,,甩,
1646_sleep,sleep,1585,SLEEP,睡,
1647_asleepfall,"asleep, fall",1106,FALL ASLEEP,睡着,
1649_speak,speak,1623,SPEAK,说,
1651_die,die,1494,DIE,死,
1652_calculate,calculate,2867,CALCULATE,算,
1653_breaktopiecesgrain,break to pieces (grain),,,碎(米粒~了),
1654_crushtopieces,crush to pieces,,,压碎,
1658_stepontramplestamp,step on / trample / stamp,,,踏,
1659_liftupcarry,lift up / carry,700,CARRY,抬,
1661_liedown,lie down,215,LIE DOWN,躺,
1663_escaperunaway,escape / run away,2142,RUN AWAY,逃跑,
1666_achehead,ache (head),1815,ACHE,痛(头~) ((伤口)~),
1667_kick,kick,1135,KICK,踢,
1668_shavethehead,shave (the head),231,SHAVE,剃(~头),
1669_cloudybeskyovercast,"cloudy, be (sky) / overcast",2341,CLOUDY,天阴,
1671_dawntheday,dawn (the day),729,DAWN,天亮,
1673_fillupahollow,fill up (a hollow),,,填(~坑),
1674_licklap,lick / lap,319,LICK,舔,
1676_carrysthgwithapoleont,carry (sthg.) with a pole on t,,,挑(~担),
1677_dance,dance,1879,DANCE,跳舞,
1678_jump,jump,1829,JUMP,跳(~远),
1680_pastestickglue,paste / stick / glue,254,STICKING,贴,
1681_listen,listen,1608,LISTEN,听,
1682_hear,hear,1408,HEAR,听见,
1683_stopcease,stop / cease,2880,HALT (STOP),停止,
1685_notifyinform,notify / inform,,,通知,
1686_steal,steal,713,STEAL,偷,
1687_throwhurl,throw / hurl,,,投掷,
1692_swallow,swallow,897,SWALLOW,吞,
1694_pulldragalog,pull / drag (a log),2030,DRAG,拖(~木头),
1698_digscoopout,dig / scoop out,,,挖,
1701_bend,bend,2224,BEND (SOMETHING),弄弯,
1703_playamuseoneself,play / amuse oneself,1413,PLAY,玩耍,
1704_forget,forget,1523,FORGET,忘记,
1705_violatebreach,violate / breach,,,违反,
1707_smell,smell,1586,SMELL (PERCEIVE),闻(臭),
1708_askquestion,ask / question,1309,ASK (INQUIRE),问,
1710_coverthemouth,cover (the mouth),,,捂(~嘴),
1711_inhale,inhale,2705,INHALE,吸(~气),
1712_accustomedtobehabitofhaveve,"accustomed to, be / habit of, haveve",,,习惯,
1713_washclothes,wash (clothes),1453,WASH,洗(~衣),
1716_godownstairs,go downstairs,,,下(~楼),
1719_fallrain,fall (rain),2234,FALL (OF SNOW AND RAIN),下(~雨),
1721_frightenscare,frighten / scare,252,FRIGHTEN,吓唬,
1725_believetrust,believe / trust,1890,BELIEVE,相信,
1726_think,think,1415,THINK (REFLECT),想,
1727_recallremember,recall / remember,,,想起,
1728_wanttogo,want (to go),2117,DESIRE,想(~去),
1729_looklikeresemble,look like / resemble,1777,RESEMBLE,像,
1734_carefulbecautious,"careful, be / cautious",2758,CAREFUL,小心,
1737_diarrheahave,"diarrhea, have",2714,HAVE DIARRHEA,泻,
1738_blowonesnose,blow (one's nose),2679,BLOW (WITH NOSE),擤,
1741_embroider,embroider,,,绣(~花),
1742_learn,learn,504,LEARN,学,
1743_smokefumigate,smoke / fumigate,,,熏,
1745_presspushdown,press / push down,,,压,
1747_grindpestlemedicine,grind / pestle (medicine),,,研(~药),
1749_itchtickle,itch / tickle,3856,ITCH OR ITCHY OR ITCHING,痒,
1750_raisechickens,raise (chickens),,,养(~鸡),
1755_wantneed,want / need,2339,NEED (SOMETHING),要,
1758_overflowspill,overflow / spill,3130,SPILL (SOMETHING),溢(~出来),
1764_havemoney,have (money),,,有(~钱),
1765_therearepeople,there are (people),,,有(~人),
1766_therearetreesonthemountain,there are (trees on the mountain),,,有(山上~树),
1767_haveeyes,have (eyes),773,HAVE,有(~眼睛),
1768_thereiswaterinthebowl,there is (water in the bowl),,,有(碗里~水),
1769_meetcomeacross,meet / come across,1831,MEET,遇见,
1770_agreeonarrange,agree on / arrange,1568,ARRANGE,约定,
1773_permitallow,permit / allow,1003,PERMIT,允许,
1774_planttrees,plant (trees),,,栽(~树),
1775_beinthehouse,be (in the house),1460,IN,在(~屋里),
1776_increasegain,increase / gain,1041,INCREASE,增加,
1777_chiselboreahole,chisel / bore (a hole),,,凿,
1782_pluckflowers,pluck (flowers),,,摘(~花),
1784_stand,stand,1442,STAND,站,
1787_goupwaterlevelrise,go up (water level) / rise,,,涨(~水),
1790_catchcold,catch cold,2184,CATCH A COLD,着凉,
1791_calltogetherconvene,call together / convene,,,召集,
1792_foundlocated,found / located,719,FIND,找到,
1794_coverhidefromview,cover / hide from view,761,COVER,遮蔽,
1797_steam,steam,2067,STEAM (VERB),蒸,
1798_know,know,1410,KNOW (SOMETHING),知道,
1799_weaveknit,weave / knit,2905,KNIT,织,
1807_turncauseto,turn (cause to),,,转动(使~),
1808_putintoacontainerpack,put into a container / pack,,,装(~进),
1809_chaseafter,chase after,1047,PURSUE,追,
1813_walk,walk,1443,WALK,走,
1814_boredrillahole,bore / drill (a hole),1501,BORE,钻(~洞),
1817_sitdown,sit down,1649,SIT DOWN,坐,
